year,ccode,warnum,batdeath,wbgdp2011est,wbpopest,sdpest,wbgdppc2011est,milex,milper,irst,pec,tpop,upop,cinc,v2x_polyarchy,polity2,xm_qudsest,batdeathpc,milexpsdp
1846,2,7,13283,24.757,16.816,24.263,7.941,9506,39,777,4863,20794,846,0.082757324,0.345,10,0.8459865955585267,6.387900355871887e-4,2.758740150020615e-4
1898,2,79,2910,26.925,18.083,26.752,8.841,60011,236,11963,207271,73494,13162,0.19706185,0.409,10,0.9809789853232066,3.9595068985223285e-5,1.445389461375009e-4
1917,2,106,116516,27.552,18.415,27.427,9.137,658584,644,45784,710959,103268,25310,0.24402818,0.414,10,0.9694733680456348,0.0011282875624588449,8.076373969293174e-4
1941,2,139,405400,28.288,18.681,28.212,9.607,6301000,1801,75150,1031214,133402,38183,0.24449451,0.547,10,1.333065183402995,0.0030389349485015218,0.00352446787311887
1999,2,221,2,30.274,19.414,30.253,10.86,292147000,1490,97427,3161089,276218,70642,0.14250799,0.864,10,1.5400620019928923,7.240657741349224e-9,0.021227090425437536
1991,2,211,376,29.967,19.321,29.941,10.647,262389000,2110,79738,2827021,252618,64814,0.13713777,0.872,10,1.544577694227027,1.488413335550119e-6,0.02604561050692775
2003,2,227,140,30.367,19.457,30.347,10.91,404920000,1427,93677,3243291,292883,159669,0.15177245,0.85,10,1.6425890108128216,4.780065760047528e-7,0.02678148077130411
2001,2,225,2,30.335,19.435,30.314,10.9,322365000,1368,90104,3184088,285112,76419,0.14141168,0.822,10,1.4921516371287429,7.014787171357221e-9,0.022036618785371123
1900,2,82,21,27.037,18.121,26.879,8.917,41481,126,10352,256081,76094,14207,0.18799882,0.422,10,0.9743854390661674,2.759744526506689e-7,8.799294202524888e-5
1950,2,151,54487,28.572,18.821,28.507,9.752,14559000,1460,87848,1241836,152271,43964,0.28444302,0.587,10,1.2701063301933873,3.5782913358420185e-4,0.0060631561117102184
1965,2,163,58153,29.163,19.064,29.117,10.099,51827008,2660,119260,1700357,194303,50841,0.2015391,0.646,10,1.3767199408576563,2.992902837321091e-4,0.011727453184598098
1968,2,170,375,29.305,19.095,29.264,10.21,80732000,3550,119262,2094353,200706,50765,0.20341188,0.694,8,1.209019992026407,1.8684045320020328e-6,0.015770737138433077
1970,2,176,125,29.345,19.115,29.305,10.23,77827008,3070,119309,2276904,205052,55468,0.18096918,0.695,8,1.2020873345155412,6.0960146694497e-7,0.014592528240968943
1940,20,139,41992,25.448,16.217,25.335,9.231,730100,21,2045,46411,11381,2617,0.012058837,0.694,10,1.370765588558375,0.003689658202266936,0.007253233344565417
1939,20,139,41992,25.334,16.213,25.206,9.121,125700,6,1407,40964,11267,2589,0.0090911472,0.684,10,1.389377915884161,0.003726990325730008,0.0014207202375137317
1941,20,139,41992,25.54,16.23,25.436,9.31,1038380,280,2460,51156,11507,2645,0.01507905,0.636,10,1.3611422468738565,0.0036492569740158164,0.00932485039817595
1991,20,211,0,27.539,17.107,27.506,10.432,11420000,86,12987,285843,28031,10455,0.011731687,0.842,10,1.7989581750244628,0,0.012940828588749965
2001,20,225,0,27.863,17.213,27.837,10.651,7745000,57,15276,355214,31021,12323,0.010798017,0.852,10,1.5091857256564312,0,0.006303270273810695
1950,20,151,309,25.909,16.405,25.824,9.504,447964,45,3070,60887,13737,3186,0.012605249,0.75,10,1.5190149138485571,2.2493994321904347e-5,0.002729118624740296
1975,40,186,1500,24.391,16,24.105,8.391,326000,120,298,15473,9299,1989,0.0020483625,0.072,-7,-0.5606179222172634,1.613076674911281e-4,0.011080238632463008
1977,40,187,700,24.51,16.029,24.252,8.481,770000,200,330,16463,9547,2444,0.002782183,0.072,-7,-0.4999171413814546,7.332146223944695e-5,0.022593366642332954
1846,70,7,6000,22.946,15.811,20.887,7.136,5283,20,0,12,7403,161,0.017939458,0.2,NA,0.038044533859402506,8.104822369309739e-4,0.00448509624741868
1862,70,40,12000,23.008,15.953,20.102,7.056,NA,27,0,64,8611,205,0.0052148192,0.19,-3,0.008581798971034995,0.0013935663685983046,NA
1906,90,88,400,21.459,13.947,20.547,7.512,431,7,0,0,1030,0,5.1779189e-4,0.093,-9,-0.7730822697921903,3.883495145631068e-4,5.140774458937409e-4
1876,90,60,2000,20.451,13.243,18.785,7.209,NA,3,0,0,581,0,2.7348782e-4,0.101,-5,-0.1358413938505654,0.0034423407917383822,NA
1885,90,70,800,20.74,13.397,19.505,7.343,NA,3,0,0,681,0,2.8551972e-4,0.096,2,0.3427544067392947,0.0011747430249632893,NA
1906,91,88,300,20.774,13.154,20.004,7.621,103,1,0,0,510,0,1.4353565e-4,0.166,0,0.06873256920367628,5.88235294117647e-4,2.1145132394705332e-4
1969,91,175,1200,22.659,14.735,22.154,7.924,7100,6,0,876,2565,304,2.6534943e-4,0.151,-1,0.1291614504034754,4.6783625730994154e-4,0.0016978463941597108
1907,91,91,300,20.811,13.177,20.057,7.635,135,1,0,0,520,0,1.6254798e-4,0.095,NA,-0.5887252802427312,5.76923076923077e-4,2.628387208541867e-4
1876,92,60,2000,20.043,13.162,0,6.883,164,1,0,0,555,0,2.9629353e-4,0.075,-1,0.20676996771779377,0.0036036036036036037,164000
1885,92,70,200,20.364,13.303,17.55,7.061,123,1,0,0,651,0,2.6738367e-4,0.077,-1,0.18055976302125626,3.0721966205837174e-4,0.0029378996266633535
1906,92,88,300,21.017,13.658,19.823,7.36,191,3,0,0,910,0,2.9293206e-4,0.16,-6,-0.2456876528926778,3.2967032967032967e-4,4.6990909682777064e-4
1969,92,175,700,22.611,15.021,21.804,7.59,10480,4,3,668,3390,625,3.7230717e-4,0.194,0,0.2274616198900719,2.064896755162242e-4,0.0035563492099008947
1907,92,91,300,21.046,13.677,19.873,7.369,200,3,0,0,930,0,3.0674646e-4,0.157,-6,-0.2456876528926778,3.225806451612903e-4,4.6805377983573853e-4
1907,93,91,400,20.559,13.126,19.517,7.434,NA,4,0,0,515,0,2.2492518e-4,0.092,-5,-0.19570527510352215,7.766990291262136e-4,NA
1863,100,43,300,21.662,14.679,0,6.983,NA,4,0,0,2644,0,8.25361e-4,0.214,-5,-0.18713459420357625,1.13464447806354e-4,NA
1951,100,151,140,24.521,16.273,24.184,8.249,56122,17,0,3049,11615,2053,0.0026143882,0.177,-5,-0.18414799538471566,1.2053379250968576e-5,0.0017626065882250632
1863,130,43,700,20.149,13.697,0,6.454,NA,0,0,0,998,0,2.5352469e-4,0.111,-1,0.18342899597054696,7.014028056112224e-4,NA
1995,130,217,550,25.023,16.209,24.845,8.813,530000,58,35,13233,11460,4681,0.001547653,0.71,9,1.206973563253392,4.799301919720768e-5,0.008594675155172359
1995,135,217,950,25.609,16.95,25.398,8.658,874000,115,512,15949,23532,11573,0.0032825482,0.387,1,0.39879463338531956,4.037055923848377e-5,0.00815267596481177
1879,135,64,9672,21.893,14.837,19,7.056,NA,4,0,0,2735,104,0.0013776509,0.236,-3,-7.347811035702906e-6,0.003536380255941499,NA
1866,135,52,600,21.86,14.67,20.112,7.191,1049,18,0,0,2560,0,0.0023584005,0.173,-1,0.18342899597054696,2.34375e-4,0.001933057925405651
1864,140,49,100000,23.12,15.956,21.238,7.164,2413,19,0,176,8945,209,0.0055130571,0.196,-6,-0.27473058914161874,0.011179429849077696,0.0014421522612137715
1851,140,19,500,22.9,15.772,20.789,7.128,NA,20,0,53,7344,108,0.0074406732,0.214,-6,-0.27473058914161874,6.808278867102397e-5,NA
1944,140,139,1000,25.416,17.586,24.844,7.83,144000,NA,221,3696,45141,4990,0.011035967,0.064,-7,-0.5298594496783401,2.215281008395915e-5,0.0023374933482832013
1932,145,124,56661,22.248,14.669,21.427,7.579,2907,7,0,7,2450,150,7.1546528e-4,0.153,2,0.2865490145260699,0.023126938775510204,0.0014381929914338977
1879,145,64,920,20.187,14.223,0,5.967,NA,7,0,0,1456,0,6.6017587e-4,0.112,-7,-0.4958204193816828,6.318681318681319e-4,NA
1864,150,49,200000,19.462,12.769,0,6.695,NA,30,0,0,502,0,0.0011915861,0.059,-9,-0.7868717389114525,0.398406374501992,NA
1932,150,124,36000,21.683,13.697,21.218,7.987,1812,3,0,0,920,112,3.5390517e-4,0.207,-3,0.02083496774338462,0.0391304347826087,0.0011048361512541168
1865,150,49,200000,19.501,12.774,0,6.728,NA,47,0,0,441,0,0.0018965531,0.059,-9,-0.7868717389114525,0.45351473922902497,NA
1879,155,64,3276,22.544,14.579,22.066,7.966,NA,5,0,97,2224,182,0.0017914348,0.272,3,0.4333137607863867,0.001473021582733813,NA
1865,155,52,100,22.018,14.361,21.288,7.657,NA,4,0,64,1795,115,0.0016179272,0.249,0,0.2599067173464702,5.5710306406685235e-5,NA
1851,160,19,800,21.571,13.82,20.935,7.752,NA,5,0,55,966,114,0.0026585178,0.088,-5,-0.1722473826669784,8.281573498964803e-4,NA
1865,160,49,10000,22.057,14.227,21.486,7.831,564,15,0,167,1559,164,0.0027370458,0.385,-3,0.05396748701393472,0.006414368184733804,2.63043676424415e-4
1982,160,202,746,26.16,17.143,26.017,9.017,4147000,175,2752,62916,28966,12460,0.0068101771,0.076,-8,-0.6234142904516466,2.575433266588414e-5,0.020830250834702038
1982,200,202,255,27.884,17.813,27.837,10.071,24169041,335,13704,309737,56318,35501,0.023727851,0.8,10,1.7101814656029002,4.527859654107035e-6,0.01966998033335209
1940,200,139,418765,27.057,17.663,26.962,9.395,9948329,1020,13183,232740,48226,18502,0.094957143,0.682,10,1.4989958112976398,0.008683386554970349,0.01942237424855039
1914,200,106,908371,26.693,17.611,26.56,9.082,1678843,532,7971,213992,46048,17852,0.13790944,0.483,8,0.779737182801311,0.019726611362056983,0.004899464834051024
1939,200,139,418765,26.994,17.653,26.893,9.341,7895671,394,13433,219686,47762,18429,0.09968365,0.723,10,1.484931398278375,0.008767744231816088,0.01651610144986037
1941,200,139,418765,27.094,17.661,27.002,9.433,11280839,2300,12510,228173,48216,18579,0.09925472,0.676,10,1.4989958112976398,0.008685187489629998,0.021160299028355346
1999,200,221,0,28.376,17.854,28.346,10.522,36368000,218,16298,360862,58744,52666,0.023144318,0.835,10,1.7820548257628313,0,0.0177913143979662
1915,200,106,908371,26.723,17.607,26.594,9.115,4651398,4350,8687,216482,44333,17967,0.15022437,0.476,8,0.779737182801311,0.020489725486657794,0.013120671131253283
1854,200,22,22000,25.53,17.107,25.255,8.423,76329,234,3119,70914,27658,4943,0.33608904,0.322,3,0.3762251593204702,7.954298937016415e-4,8.214524555575719e-4
1856,200,25,500,25.568,17.118,25.301,8.45,32369,382,3644,73272,28011,5162,0.29569957,0.322,3,0.3762251593204702,1.7850130305951234e-5,3.326937145456181e-4
1991,200,211,24,28.119,17.84,28.08,10.279,40430000,301,16632,345284,57801,46681,0.026299302,0.838,10,1.799847011091994,4.1521772979706235e-7,0.025805643274555545
2003,200,227,33,28.49,17.874,28.462,10.615,43311000,213,13268,367696,59698,25823,0.01914165,0.859,10,1.8302890954619337,5.527823377667593e-7,0.018867252744305237
1882,200,65,79,26.131,17.348,25.947,8.783,24028,247,8725,139087,35206,9652,0.21167623,0.375,7,0.6864331001184115,2.2439356927796397e-6,1.294430392359171e-4
1956,200,155,22,27.238,17.718,27.154,9.519,4527611,761,20990,232317,51406,18874,0.049223699,0.799,10,1.701456492023648,4.279656071275727e-7,0.007295192308000999
2001,200,225,0,28.445,17.862,28.417,10.583,34714000,211,13543,364692,59113,53247,0.02134474,0.862,10,1.7460270370151716,0,0.01581824751614803
1900,200,82,34,26.483,17.501,26.335,8.982,119587,487,4980,185652,41155,13513,0.17752758,0.491,7,0.733385010166371,8.2614506135342e-7,4.3705771437583683e-4
1950,200,151,710,27.07,17.703,26.971,9.367,2376154,689,16554,190014,50616,18995,0.061348703,0.809,10,1.8991407324433391,1.4027185079816659e-5,0.004597461623204907
1940,210,139,7900,24.991,15.951,24.852,9.04,168422,64,153,12668,8880,2418,0.0050485814,0.202,NA,0.6892179672736046,8.896396396396397e-4,0.0027121415740921527
1999,210,221,0,27.159,16.541,27.132,10.618,6193000,54,6075,168470,15735,4880,0.0057901004,0.895,10,1.8836135748560765,0,0.010200540793796967
1951,210,151,111,25.309,16.098,25.194,9.212,278581,218,554,27876,10264,3248,0.0076385359,0.791,10,1.7085011126290368,1.0814497272018707e-5,0.003186664306742644
1914,211,106,13716,24.698,15.807,24.535,8.892,9847,115,1396,16700,7684,894,0.011732684,0.352,NA,0.7071009979875751,0.0017850078084331077,2.1771523691071682e-4
1940,211,139,9600,24.923,15.894,24.783,9.029,289421,82,1894,26015,8295,921,0.0075866552,0.203,NA,0.6260606826184361,0.0011573236889692586,0.004993555656540234
1915,211,106,13716,24.679,15.815,24.511,8.864,11642,156,99,14200,7709,891,0.0057097608,0.168,7,0.7748230749619133,0.0017792190945647944,2.636547190612782e-4
1951,211,151,97,25.119,15.946,24.998,9.174,267099,77,5054,32207,8678,882,0.0091781151,0.679,10,1.8445936282099487,1.1177690712145655e-5,0.0037168822540850494
1940,220,139,2500,26.24,17.287,26.088,8.953,5707762,5000,4413,56951,41000,6422,0.07583493,0.396,-9,-0.580921876035071,6.097560975609756e-5,0.026704928030566746
1862,220,40,8000,25.542,17.4,25.158,8.142,26762,520,1091,16258,37520,2946,0.10611962,0.205,-6,-0.1620830824125878,2.1321961620469082e-4,3.1734962586325133e-4
1823,220,1,400,24.937,17.218,24.27,7.719,13569,256,190,1325,30940,944,0.14634448,0.183,-4,-0.0448434150762465,1.292824822236587e-5,3.910396240344555e-4
1870,220,58,152000,25.538,17.413,25.146,8.125,59066,452,1178,18950,38440,3342,0.12739821,0.33,-2,0.22048922848411268,0.003954214360041623,7.088731373283405e-4
1914,220,106,1385000,26.125,17.418,25.925,8.706,1235000,789,2802,45084,33220,5906,0.074748203,0.516,8,0.8267918393083856,0.04169175195665262,0.006801152519677905
1939,220,139,210824,26.373,17.405,26.223,8.969,1023651,581,7950,79602,41900,6397,0.039596099,0.565,10,1.0116869495921268,0.005031599045346062,0.004184539927225459
1859,220,28,7500,25.487,17.383,25.085,8.104,32307,465,864,13081,36500,2592,0.13871507,0.184,-8,-0.5533716340472775,2.0547945205479453e-4,4.12116073284343e-4
1940,220,139,210824,26.24,17.287,26.088,8.953,5707762,5000,4413,56951,41000,6422,0.07583493,0.396,-9,-0.580921876035071,0.005142048780487805,0.026704928030566746
1849,220,16,1000,25.322,17.359,24.842,7.963,19339,465,414,6356,35550,1607,0.13217121,0.287,6,0.7652106905932627,2.8129395218002813e-5,3.1455058263919967e-4
1941,220,139,2500,26.103,17.056,25.965,9.047,605022,373,4310,48138,8000,2381,0.01578795,0.092,-9,-0.6820665503402733,3.125e-4,0.003201215744954359
1999,220,221,0,28.368,17.874,28.337,10.494,37811000,421,20200,263140,58886,10402,0.020881752,0.848,9,1.499306644956348,0,0.018664460013397402
1915,220,106,1385000,26.107,17.396,25.908,8.711,3525000,4997,1111,39355,33380,5903,0.079156175,0.519,8,0.8267918393083856,0.041491911324146195,0.019745024828448123
1854,220,22,95000,25.381,17.375,24.926,8.006,30356,440,771,10830,36230,1959,0.1253639,0.189,-8,-0.5533716340472775,0.002622136351090257,4.539628232029415e-4
1958,220,158,0,26.946,17.589,26.847,9.357,3620000,961,14616,111257,44789,7775,0.033753257,0.756,5,1.0132585867870567,0,0.007928748000371537
1919,220,116,5000,26.011,17.368,25.796,8.643,634729,2364,1293,44334,31970,5889,0.061298519,0.541,9,0.9129307346169182,1.5639662183296842e-4,0.003976746302802478
1991,220,211,2,28.174,17.837,28.137,10.336,37340000,554,18432,249514,57055,9920,0.021559888,0.873,9,1.5430623151310394,3.505389536412234e-8,0.022512849926664916
1956,220,155,10,26.854,17.57,26.747,9.284,3653000,856,13398,110168,43843,7485,0.032562353,0.751,10,1.5718138132020087,2.2808658166640056e-7,0.008842501959889013
2001,220,225,0,28.434,17.882,28.405,10.552,32909000,274,19343,272458,59454,10780,0.018021695,0.848,9,1.5106041392087952,0,0.015176790081433167
1884,220,67,2100,25.666,17.429,25.324,8.237,35795,526,1872,31178,38010,3981,0.10452312,0.573,7,0.8059853597985625,5.524861878453039e-5,3.595414015466118e-4
1900,220,82,24,25.932,17.456,25.673,8.477,40569,621,1565,48650,38940,5233,0.074714355,0.583,8,0.8133550552493076,6.163328197226503e-7,2.8744321971470847e-4
1951,220,151,288,26.632,17.525,26.503,9.107,2199999,620,9835,93400,42056,6969,0.032991547,0.747,10,1.5718138132020087,6.848012174243866e-6,0.006796977456989999
1940,220,145,700,26.24,17.287,26.088,8.953,5707762,5000,4413,56951,41000,6422,0.07583493,0.396,-9,-0.580921876035071,1.7073170731707317e-5,0.026704928030566746
1898,230,79,775,24.724,16.698,24.282,8.027,5939,153,262,3938,18400,1606,0.017012449,0.201,4,0.4020245240765539,4.2119565217391304e-5,1.6911211290747616e-4
1866,230,52,300,24.286,16.559,23.627,7.727,4987,107,39,922,15980,901,0.020437209,0.195,-6,-0.3315650008153132,1.8773466833541928e-5,2.7337805183764497e-4
1865,230,52,300,24.283,16.558,23.622,7.725,5190,124,50,973,15920,876,0.021129759,0.192,-6,-0.27221860732786196,1.884422110552764e-5,2.8593222668531453e-4
1823,230,1,600,23.916,16.293,23.148,7.623,NA,114,10,0,11672,269,0.029989449,0.172,-6,-0.3315650008153132,5.1405071967100756e-5,NA
1859,230,31,4000,24.248,16.531,23.579,7.717,4405,124,35,615,15580,740,0.026724456,0.199,-6,-0.27221860732786196,2.5673940949935817e-4,2.5334732549818224e-4
1909,230,94,2000,24.922,16.768,24.544,8.155,9241,111,254,6498,19660,1815,0.014516886,0.198,6,0.6139993646723606,1.017293997965412e-4,2.024860956706719e-4
1957,230,158,122,25.865,17.181,25.66,8.685,139692,451,1346,20886,29693,7488,0.010724442,0.072,-7,-0.5689367626335816,4.1087124911595326e-6,0.001002709500078799
1916,235,106,7222,23.278,15.571,22.599,7.707,6425,125,0,1091,6000,592,0.0026710515,0.248,7,0.5626525338277097,0.0012036666666666667,9.845825524377823e-4
1866,240,55,500,15.452,14.422,0,1.335,485,27,60,234,1934,0,0.0032339355,0.13,NA,-0.06255703878735246,2.585315408479835e-4,485000
1870,245,58,5600,15.489,15.358,0,0.761,1247,NA,30,285,4851,173,0.0044664247,0.208,-7,-0.430629553856748,0.0011544011544011544,1247000
1866,245,55,500,15.477,15.348,0,0.76,962,73,30,367,4815,168,0.006881841,0.194,-7,-0.430629553856748,1.0384215991692627e-4,962000
1917,255,106,1773700,26.547,17.965,26.318,8.583,7150000,5380,15501,198269,67368,14643,0.15816878,0.254,2,0.23663103875469887,0.02632852392827455,0.02657932007500259
1941,255,139,3500000,27.285,18.128,27.163,9.158,28900000,7100,20836,264396,90617,25412,0.20238717,0.074,-9,-0.8335432851527271,0.03862409923082865,0.04614841939409403
1939,255,139,3500000,27.199,18.07,27.073,9.129,12000000,2750,23733,255050,79798,23627,0.1779559,0.074,-9,-0.8335432851527271,0.04386074838968395,0.02096653857494552
1944,255,139,3500000,27.28,18.117,27.158,9.163,50736000,6128,18318,250837,90238,25412,0.13621277,0.073,-9,-0.8335432851527271,0.03878632061880804,0.0814229222691398
1914,255,106,1773700,26.662,17.97,26.458,8.691,1785000,862,13810,187335,67790,14279,0.15820104,0.251,2,0.23663103875469887,0.026164626051039978,0.005768658346200043
1940,255,139,3500000,27.255,18.104,27.132,9.151,21200000,3300,21540,256916,90211,25219,0.17135082,0.074,-9,-0.8335432851527271,0.038797929299087694,0.03491869285136375
1870,255,58,44781,25.611,17.454,25.235,8.158,42993,319,1261,28817,31194,1707,0.10604604,0.217,-5,-0.10058541968700799,0.0014355645316407,4.720374981545278e-4
1916,255,106,1773700,26.576,17.977,26.35,8.599,4974000,4580,14871,188756,67715,14576,0.15011773,0.246,2,0.23663103875469887,0.026193605552684043,0.017907962768071776
1866,255,55,10000,25.45,17.332,25.055,8.118,6268,214,977,23397,24342,1155,0.065841906,0.193,-7,-0.43160953022622583,4.108125872976748e-4,8.239118396061937e-5
1915,255,106,1773700,26.604,17.975,26.386,8.629,5014000,3823,12278,174718,67883,14402,0.15111271,0.244,2,0.23663103875469887,0.026128780401573296,0.017413662785651807
1943,255,139,3500000,27.304,18.131,27.183,9.173,44800000,6957,20758,273895,90784,25412,0.15359831,0.073,-9,-0.8335432851527271,0.03855304899541769,0.07012148622993784
1999,255,221,0,NA,NA,NA,NA,31182000,331,42062,464418,82178,25304,0.027760297,0.911,10,2.105603470334559,0,NA
1918,255,108,450,26.529,17.949,26.299,8.581,8779000,8000,14092,189899,66811,14737,0.17243373,0.252,4,0.3947607692457947,6.735417820418793e-6,0.03326093621924306
1919,255,108,750,26.493,17.927,26.259,8.566,80023,114,7847,146740,62897,14803,0.07680358,0.435,6,0.9816117220980008,1.19242571187815e-5,3.155556992795288e-4
1848,255,13,2500,24.914,16.921,24.452,7.993,3445,135,211,4910,16165,530,0.048538107,0.178,-8,-0.6018647909918994,1.546551190844417e-4,8.27600138636937e-5
1849,255,13,2500,24.941,16.933,24.487,8.008,3571,131,211,5140,16331,535,0.048293713,0.165,-8,-0.6444095003000847,1.530830935031535e-4,8.283633424654554e-5
1864,255,46,1048,25.375,17.167,25.02,8.207,5576,212,905,21260,19255,946,0.056731492,0.193,-7,-0.43160953022622583,5.442742144897429e-5,7.59057765881865e-5
1870,267,58,956,15.525,14.149,0,1.601,795,14,10,NA,1458,0,0.0020297873,0.259,-7,-0.430629553856748,6.556927297668039e-4,795000
1866,267,55,100,15.515,14.14,0,1.6,256,8,10,NA,1434,0,0.0012749899,0.255,-7,-0.430629553856748,6.97350069735007e-5,256000
1866,269,55,600,15.481,14.642,0,1.198,344,27,10,2859,2383,159,0.0057243654,0.163,-7,-0.430629553856748,2.517834662190516e-4,344000
1870,271,58,976,15.471,14.366,0,1.391,435,14,10,NA,1806,0,0.0017541021,0.206,-4,-0.16367595723228776,5.404208194905869e-4,435000
1866,271,55,100,15.472,14.349,0,1.404,328,12,10,NA,1761,0,0.0016377172,0.166,-4,-0.16367595723228776,5.6785917092561044e-5,328000
1866,273,55,100,15.538,13.481,0,2.177,150,8,10,420,749,0,0.0011797289,NA,NA,-0.06255703878735246,1.335113484646195e-4,150000
1866,275,55,100,15.429,13.617,0,1.963,147,12,10,NA,856,0,0.0011775042,0.185,NA,-0.06255703878735246,1.1682242990654206e-4,147000
1866,280,55,100,15.439,13.191,0,2.349,NA,5,0,NA,558,0,4.7136808e-4,0.048,NA,-1.0474034719429384,1.7921146953405018e-4,NA
1939,290,139,320000,25.473,17.213,25.14,8.261,968472,275,504,23882,35486,3914,0.018311104,NA,0,0.16293702344256247,0.009017640759736234,0.011692941962297847
1919,290,109,40000,25.093,17.041,24.664,8.052,NA,300,515,31854,24157,1669,0.018781014,0.362,8,0.8940396496777409,0.0016558347476921802,NA
1920,290,117,500,25.104,17.039,24.682,8.065,13545,962,981,35850,26746,1760,0.027165325,0.641,8,0.8940396496777409,1.869438420698422e-5,2.5853694164754864e-4
1917,300,106,1200000,26.087,17.68,25.807,8.408,2862000,839,2896,6891,53898,3257,0.040061295,NA,-4,-0.09052480405109492,0.022264276967605478,0.017735030306254056
1914,300,106,1200000,26.084,17.673,25.805,8.411,1042000,839,2162,32416,52594,4405,0.068234459,NA,-4,-1.0505676284251912,0.0228162908316538,0.0064699155718834
1859,300,28,12500,24.588,17.373,22.947,7.215,22828,355,318,2174,37579,1074,0.082244679,NA,-6,-1.0474034719429384,3.326325873493174e-4,0.002470087782842887
1916,300,106,1200000,26.082,17.681,25.799,8.4,2445000,839,2781,12650,53460,3954,0.043211572,NA,-4,-1.0505676284251912,0.02244668911335578,0.01527268958350862
1866,300,55,28000,25.006,17.35,24.276,7.657,22756,275,275,3062,34482,1122,0.057254829,NA,-4,-1.0474034719429384,8.120178643930166e-4,6.518731337249058e-4
1848,300,10,3927,23.963,17.369,0,6.595,7074,409,158,896,36334,785,0.076032154,NA,-6,0.22991806773157095,1.0808058567732703e-4,7074000
1849,300,10,3927,24.013,17.372,0,6.642,15472,408,141,902,36424,793,0.08976455,NA,-6,-1.0474034719429384,1.07813529540962e-4,15472000
1915,300,106,1200000,26.083,17.677,25.802,8.405,2013000,3800,2667,28000,53025,4126,0.062424302,NA,-4,-1.0505676284251912,0.02263083451202263,0.012536536019886572
1849,300,16,100,24.013,17.372,0,6.642,15472,408,141,902,36424,793,0.08976455,NA,-6,-1.0474034719429384,2.745442565341533e-6,15472000
1864,300,46,500,24.876,17.364,23.964,7.512,10644,298,375,3101,36529,1052,0.039720401,NA,-4,-1.0474034719429384,1.3687754934435653e-5,4.1655456817189015e-4
1941,310,139,136000,24.457,16.011,24.188,8.446,110555,NA,782,8655,9344,1357,0.0048100883,0.275,-1,0.21531742227338527,0.014554794520547944,0.0034583063383176915
1944,310,139,136000,24.334,16.008,24.025,8.325,433638,NA,694,7621,9497,1379,0.0045461338,0.236,NA,-0.12794451020381134,0.014320311677371802,0.01596623087616992
1919,310,112,6000,23.976,15.852,23.583,8.124,9584,27,0,3054,7880,1176,0.0037790004,0.218,-7,-0.4965036310603635,7.614213197969543e-4,5.49009726056022e-4
1943,310,139,136000,24.381,16.01,24.089,8.372,242120,NA,776,9246,9442,1364,0.0047857515,0.27,-1,0.21531742227338527,0.014403728023723788,0.008362014006658796
1956,310,156,926,24.676,16.069,24.452,8.607,212680,215,1415,13411,9911,1824,0.0050237193,0.135,NA,-0.43546596862629816,9.343154071233982e-5,0.00510925972381143
1919,315,112,2000,24.565,16.377,24.203,8.189,21741,150,786,20823,13398,929,0.01059422,NA,7,0.6462448242344633,1.4927601134497685e-4,6.699620002446288e-4
1941,325,139,174500,26.163,17.577,25.934,8.586,541238,NA,2063,15703,44830,8432,0.020050535,0.056,-9,-0.8335432851527271,0.0038924827124693284,0.002953895905850107
1940,325,139,174500,26.176,17.573,25.951,8.603,606523,1634,2258,17366,44470,8304,0.029523287,0.056,-9,-0.8335432851527271,0.003923993703620419,0.0032544018232636435
1866,325,55,4000,24.982,17.035,24.492,7.947,22345,233,20,541,25200,1639,0.050006986,0.203,-4,-0.02695054123057998,1.5873015873015873e-4,5.157507975371281e-4
1915,325,106,650000,25.816,17.394,25.541,8.422,105871,3159,1009,9206,36390,4014,0.033980358,0.385,-1,0.2349471662326289,0.017862050013740038,8.559761279000654e-4
1943,325,139,52400,26.044,17.593,25.777,8.451,412981,1702,1727,3388,44830,8682,0.021931492,0.053,0,-0.16461130238883373,0.0011688601383002455,0.0026370672882260913
1848,325,10,3400,24.646,16.592,24.218,8.055,3985,70,20,56,4916,237,0.018390941,0.187,-7,-0.49407327081879276,6.916192026037429e-4,1.2097191705084927e-4
1849,325,10,3400,24.693,16.747,24.202,7.946,3646,70,20,61,4928,238,0.017559942,0.219,-7,-0.49407327081879276,6.89935064935065e-4,1.124660942961568e-4
1859,325,28,2500,24.763,16.833,24.262,7.93,5716,53,20,193,5054,248,0.01479145,0.218,-7,-0.49407327081879276,4.946576968737634e-4,1.660502371483646e-4
1860,325,34,300,24.813,16.913,24.292,7.9,10808,184,20,235,23927,249,0.028627535,0.214,-7,-0.49407327081879276,1.2538136832866636e-5,3.0469391538298304e-4
1860,325,37,600,24.813,16.913,24.292,7.9,10808,184,20,235,23927,249,0.028627535,0.214,-7,-0.49407327081879276,2.5076273665733272e-5,3.0469391538298304e-4
1999,325,221,0,28.308,17.826,28.277,10.482,22664000,391,24878,267759,57343,13237,0.018796369,0.853,10,2.3019309390884297,0,0.011879317686119191
1855,325,22,2200,24.738,16.921,24.156,7.817,2241,53,20,98,5003,244,0.0097849537,0.221,-7,-0.49407327081879276,4.3973615830501697e-4,7.238096212563252e-5
1935,325,127,4000,26.122,17.531,25.894,8.591,513379,1380,2209,17645,42630,7654,0.051195353,0.06,-9,-0.789551467266806,9.383063570255688e-5,0.002916196506009825
1911,325,97,6000,25.704,17.35,25.406,8.354,29379,291,736,10165,34680,3973,0.033263136,0.308,-1,0.17048887426662657,1.7301038062283736e-4,2.718638118921985e-4
1991,325,211,0,28.142,17.819,28.105,10.322,19720000,473,25032,228250,56751,14527,0.019335635,0.811,10,2.3585458035437616,0,0.012276102239195681
1849,327,16,1400,15.494,6.811,15.29,8.684,NA,13,0,NA,2999,172,0.0065551139,0.15,-9,-0.8365952384080586,4.668222740913638e-4,NA
1860,327,34,700,15.477,6.804,15.27,8.675,781,19,0,NA,3162,184,0.0045924117,0.045,-9,-0.83812895559874,2.2137887413029727e-4,0.18237877537684116
1860,329,37,400,15.468,15.994,0,0.465,NA,92,0,NA,9212,645,0.015605263,0.013,-10,-1.1778254608931056,4.342162396873643e-5,NA
1849,329,16,100,15.506,15.956,0,0.493,NA,46,0,NA,8793,595,0.02159619,0.026,-10,-1.1778254608931056,1.1372682815876264e-5,NA
1848,332,10,100,15.475,13.196,0,2.376,NA,3,0,NA,576,0,7.2656816e-4,0.016,-10,-1.5807981490831127,1.7361111111111112e-4,NA
1848,337,10,100,15.534,14.231,0,1.543,219,6,0,NA,1547,103,0.003435659,0.13,-7,-0.430629553856748,6.464124111182935e-5,219000
1992,344,215,500,24.66,15.308,24.56,9.352,561000,103,102,13179,4470,1166,0.001297972,0.279,-3,0.5194137362866559,1.1185682326621924e-4,0.012097353896758945
1999,345,221,5000,24.997,16.142,24.827,8.856,1654000,105,230,21841,10637,3251,0.0020388458,0.282,-6,-0.059053349506837716,4.7005734699633354e-4,0.027309038078024418
1941,345,139,305000,24.381,16.536,23.821,7.846,179324,150,211,3160,15724,796,0.0043764957,0.123,0,-0.09085661081637515,0.01939709997456118,0.008096728267394214
1914,345,106,70000,NA,NA,NA,NA,4156,41,0,262,4023,146,0.0018854915,0.188,4,0.44996846299158266,0.017399950285856326,NA
1992,345,215,1890,24.935,16.233,24.734,8.702,1300000,137,667,26253,10448,2381,0.0023300909,0.225,-5,-0.002415618150828067,1.80895865237366e-4,0.023556113429802926
1913,345,103,18500,NA,NA,NA,NA,1194,32,0,198,3003,138,0.0017762586,0.194,4,0.44996846299158266,0.006160506160506161,NA
1915,345,106,70000,NA,NA,NA,NA,9741,84,0,347,4043,158,0.0014044226,0.176,NA,-0.2798737640089599,0.017313875834776157,NA
1912,345,100,15000,NA,NA,NA,NA,1184,31,0,150,3052,128,0.0018949802,0.188,4,0.4555834987764008,0.0049148099606815205,NA
1992,346,215,2850,22.782,15.215,21.947,7.568,850000,60,261,7031,4409,559,9.492205e-4,0.251,0,0.3330113183849509,6.464050805171241e-4,0.2500103173550217
1940,350,139,18300,24.008,15.756,23.672,8.252,62145,105,15,786,7319,865,0.0025271422,0.041,-8,-0.6877098918595788,0.002500341576718131,0.003256770959039527
1917,350,106,5000,23.113,15.48,22.357,7.633,34561,42,0,407,4646,457,0.0018322686,0.384,NA,0.28257616627574716,0.001076194575979337,0.00674628319634138
1913,350,103,2500,23.176,15.314,22.628,7.862,4920,200,0,504,2744,397,0.0073415614,0.401,10,0.7054959915273721,9.110787172011661e-4,7.324020753553169e-4
1897,350,76,600,23.044,15.255,22.441,7.79,924,25,0,133,2451,115,0.0021063709,0.278,10,0.7463203845505563,2.447980416156671e-4,1.658324445780934e-4
1912,350,100,5000,23.256,15.348,22.741,7.909,1202,27,0,415,2725,201,0.0019046267,0.4,10,0.7287992718970988,0.001834862385321101,1.5981357058595072e-4
1919,350,115,30000,23.334,15.482,22.779,7.852,53249,58,0,340,4674,490,0.0027804319,0.37,NA,0.28257616627574716,0.006418485237483954,0.006815809648749012
1951,350,151,169,24.033,15.815,23.683,8.219,174333,160,30,382,7646,982,0.0030119312,0.32,4,0.5945878537579612,2.2103060423750982e-5,0.009036149110498872
1974,352,184,500,22.279,13.209,22.144,9.07,18376,11,0,785,641,133,1.4738036e-4,0.549,10,0.8082005860287431,7.8003120124805e-4,0.0044384770122112786
1917,355,106,87500,23.061,15.381,22.357,7.681,13394,38,0,266,5050,141,0.0012137764,0.216,-9,-0.6990099029975309,0.017326732673267328,0.002614499497462355
1941,355,139,9000,23.615,15.671,23.123,7.944,NA,NA,0,1185,6700,336,0.0016613067,0.129,-10,-1.0422075077281963,0.0013432835820895521,NA
1944,355,139,9000,23.53,15.709,22.952,7.822,NA,450,0,1731,6880,353,0.0034024634,0.166,-2,-0.47999411778623685,0.001308139534883721,NA
1915,355,106,87500,23.112,15.359,22.477,7.754,11911,49,0,169,4900,129,0.0012694999,0.211,-9,-0.6990099029975309,0.017857142857142856,0.002062106802510192
1916,355,106,87500,23.093,15.371,22.429,7.722,13298,800,0,196,5000,135,0.0055836611,0.216,-9,-0.6990099029975309,0.0175,0.0024154352169518637
1944,355,139,1000,23.53,15.709,22.952,7.822,NA,450,0,1731,6880,353,0.0034024634,0.166,-2,-0.47999411778623685,1.4534883720930232e-4,NA
1943,355,139,9000,23.569,15.697,23.028,7.872,NA,NA,0,1762,6830,347,0.0017660256,0.151,0,0.11437748981297013,0.0013177159590043923,NA
1913,355,103,18000,23.141,15.31,22.571,7.832,1620,592,0,265,4500,118,0.01573373,0.22,NA,-0.5681165600962633,0.004,2.5530202732630436e-4
1912,355,100,32000,23.112,15.284,22.538,7.828,1620,61,0,244,4430,112,0.0030307963,0.221,-9,-0.6989975404664821,0.007223476297968397,2.638675480125007e-4
1941,360,139,290000,24.351,16.508,23.79,7.844,NA,NA,288,10213,13550,1103,0.0053087017,0.122,-7,-0.4965587439666789,0.021402214022140223,NA
1944,360,139,290000,24.257,16.483,23.639,7.774,NA,975,206,7880,13700,1111,0.0081783533,0.117,-7,-0.48591842729903867,0.021167883211678833,NA
1916,360,106,335706,24.068,15.982,23.656,8.086,15541,211,0,2018,8845,664,0.0038489236,0.256,NA,-0.04900917671907481,0.03795432447710571,8.275775417157774e-4
1944,360,139,10000,24.257,16.483,23.639,7.774,NA,975,206,7880,13700,1111,0.0081783533,0.117,-7,-0.48591842729903867,7.2992700729927e-4,NA
1919,360,112,3000,24.145,16.195,23.656,7.95,24568,292,25,2518,9722,868,0.0072123534,0.248,-4,0.02843445206238562,3.0857848179386956e-4,0.0013082764973214862
1943,360,139,290000,24.278,16.477,23.682,7.801,NA,NA,351,10574,13610,1109,0.0054361103,0.122,-7,-0.4965587439666789,0.0213078618662748,NA
1913,360,103,1500,23.979,15.891,23.568,8.088,3236,109,0,1693,7352,338,0.0053398558,0.245,-4,-0.030878891152648382,2.0402611534276388e-4,1.8817250372543223e-4
1854,365,22,100000,25.528,18.042,24.576,7.487,31358,1100,231,141,70600,1079,0.13696814,0.015,-10,-1.5809166583852599,0.00141643059490085,6.65467987579025e-4
1941,365,139,7500000,27.205,19.024,26.839,8.181,6884227,4207,15584,147154,196659,32546,0.12433852,0.095,-9,-0.7553007908681488,0.03813707992006468,0.015199369834689547
1914,365,106,1700000,26.664,18.905,26.034,7.759,857000,1321,4466,48412,175100,10479,0.11080456,0.107,-6,-0.3258484553991799,0.009708737864077669,0.004232122987889102
1918,365,108,8000,26.176,18.838,24.931,7.339,258741,NA,402,18041,143450,4983,0.037396926,0.137,-1,0.13231505177274427,5.5768560474032764e-5,0.003850077963338162
1919,365,109,60000,26.046,18.818,24.463,7.229,1417699,1550,199,14673,142265,3566,0.063060187,0.106,-1,0.13231505177274427,4.2174814606544126e-4,0.03368512181492448
1956,365,156,1500,27.827,19.066,27.639,8.761,26749408,5100,48698,467891,199658,42711,0.17019655,0.107,-7,-0.48096834565392643,7.51284696831582e-6,0.026536826782819937
1855,365,22,100000,25.528,18.049,24.563,7.479,39809,1550,251,156,71100,1088,0.15320642,0.03,-10,-1.5809166583852599,0.0014064697609001407,8.558662665824825e-4
1915,365,106,1700000,26.598,18.913,25.899,7.686,4524000,5500,4120,44769,178900,8943,0.12333684,0.097,-6,-0.3258484553991799,0.009502515371716043,0.025569945916421564
1918,365,107,8000,26.176,18.838,24.931,7.339,258741,NA,402,18041,143450,4983,0.037396926,0.137,-1,0.13231505177274427,5.5768560474032764e-5,0.003850077963338162
1919,365,108,8000,26.046,18.818,24.463,7.229,1417699,1550,199,14673,142265,3566,0.063060187,0.106,-1,0.13231505177274427,5.6233086142058833e-05,0.03368512181492448
1939,365,142,126875,27.26,18.976,26.936,8.284,5984123,1789,17564,181115,170315,35124,0.1381359,0.094,-9,-0.7553007908681488,7.449431934944074e-4,0.011990694746660402
1828,365,4,50000,25.171,17.782,24.041,7.389,7587,624,178,26,54600,833,0.15256478,0.016,-10,-1.5809166583852599,9.157509157509158e-4,2.7491373905175843e-4
1853,365,22,100000,25.516,18.036,24.553,7.48,19928,761,238,142,70100,1069,0.13541539,0.015,-10,-1.5809166583852599,0.0014265335235378032,4.327442443906201e-4
1877,365,61,120000,25.979,18.308,25.265,7.671,77022,840,400,3281,92200,2655,0.13189262,0.03,-10,-1.5809166583852599,0.0013015184381778742,8.206627218817474e-4
1900,365,82,302,26.394,18.659,25.741,7.735,43104,1142,2216,33930,132900,6666,0.10923852,0.054,-10,-1.6426845913719748,2.272385252069225e-6,2.8532729251479173e-4
1900,365,83,242,26.394,18.659,25.741,7.735,43104,1142,2216,33930,132900,6666,0.10923852,0.054,-10,-1.6426845913719748,1.8209179834462001e-6,2.8532729251479173e-4
1929,365,118,200,26.724,18.846,26.189,7.879,2798721,562,4854,51515,152774,12136,0.13374847,0.104,-8,-0.6055438912270326,1.3091232801392908e-6,0.011836448693499733
1904,365,85,71453,26.488,18.729,25.859,7.76,50305,1160,2766,37584,141600,8064,0.113226,0.051,-10,-1.6426845913719748,5.046115819209039e-4,2.9593078474890255e-4
1938,365,133,1200,27.253,18.943,26.938,8.309,5429984,1566,18057,169211,166859,36532,0.16435921,0.094,-9,-0.7553007908681488,7.191700777302992e-6,0.010858599028428369
1939,365,136,5000,27.26,18.976,26.936,8.284,5984123,1789,17564,181115,170315,35124,0.1381359,0.094,-9,-0.7553007908681488,2.9357367231306698e-5,0.011990694746660402
1919,366,108,1000,21.043,13.826,19.413,7.217,3984,16,0,1568,1105,127,8.1313978e-4,0.505,10,1.3756092470787267,9.049773755656109e-4,0.014769321779025284
1918,366,107,3600,20.989,13.817,19.152,7.173,3541,16,0,1657,1103,127,6.5276236e-4,0.236,NA,0.02954128433503596,0.0032638259292837716,0.01704189987292731
1919,367,108,3046,21.456,14.272,19.677,7.184,3984,20,0,2312,1629,279,0.0012746699,NA,NA,-1.0655463909727136,0.0018698588090853283,0.011342448324966937
1918,367,108,3046,21.402,14.252,19.439,7.151,4419,19,0,2398,1596,248,0.0010184365,NA,NA,-1.0655463909727136,0.0019085213032581454,0.015961495060351546
1920,368,117,500,21.384,14.513,0,6.872,5512,50,0,2785,2078,0,0.0014884191,0.45,4,0.6663262113853642,2.4061597690086623e-4,5512000
1993,371,216,5500,23.182,14.974,22.828,8.209,151000,21,0,1835,3731,1419,4.9065711e-4,0.601,7,0.8005903902364739,0.0014741356204770839,0.01840358851817925
1993,373,216,8500,24.391,15.795,24.164,8.596,128000,45,236,31221,7368,1773,0.0012285216,0.418,-3,0.1355627829590647,0.0011536373507057547,0.004101267617255999
1941,375,139,65000,23.834,15.088,23.643,8.746,93832,NA,62,1402,3710,312,0.0013211212,0.493,4,0.7653595406815317,0.01752021563342318,0.0050620512481634765
1944,375,139,65000,23.885,15.104,23.7,8.781,105498,350,93,1312,3780,319,0.0022652268,0.488,10,1.2367497828639107,0.017195767195767195,0.005376071120198153
1943,375,139,65000,23.878,15.1,23.693,8.778,100407,350,97,1833,3750,316,0.0025666999,0.488,4,0.7653595406815317,0.017333333333333333,0.005152581044859627
1918,375,107,150,22.946,14.925,22.5,8.021,NA,NA,0,73,2641,184,9.7104092e-4,0.566,8,0.9605206813226089,5.679666792881484e-5,NA
1939,375,142,24923,23.829,15.081,23.638,8.748,68491,37,77,2175,3700,304,0.0017938904,0.552,4,0.7922310760314655,0.006735945945945946,0.003713475337220908
1940,385,139,3000,23.801,14.862,23.646,8.939,89338,4,69,3633,2963,307,0.0012623052,0.504,NA,1.3670003800436024,0.0010124873439082012,0.004805171655965796
1848,390,13,3500,22.206,14.35,21.653,7.856,503,27,0,118,2296,131,0.0057543018,0.339,-9,-0.8383166192672765,0.001524390243902439,1.9851328146770902e-4
1849,390,13,3500,22.2,14.353,21.642,7.848,136,41,0,102,2316,133,0.0057162694,0.365,2,0.22831208814699944,0.0015112262521588947,5.426723960533492e-5
1864,390,46,2933,22.469,14.348,22.076,8.122,683,32,0,246,1716,164,0.0030962615,0.365,2,0.22831208814699944,0.0017092074592074593,1.7657764532912765e-4
1986,483,207,1000,22.532,15.434,20.168,7.098,48660,22,0,277,5122,443,3.8134315e-4,0.079,-7,-0.5466128331395625,1.952362358453729e-4,0.08478538441120306
1975,490,186,100,24.54,16.938,23.747,7.602,147800,55,0,8130,22582,4920,0.0025043809,0.16,-9,-0.7561006831489046,4.4283057302276145e-6,0.00718593645282435
1978,500,190,1500,23.286,16.263,19.539,7.023,156012,6,7,2574,12780,512,7.2784506e-4,0.086,-7,-0.6004698088534371,1.1737089201877934e-4,0.5098919111397338
1978,510,190,1000,24.124,16.644,23.162,7.481,264913,63,0,7490,17443,1080,0.0014893191,0.244,-6,-0.3152153367005166,5.732958780026372e-5,0.02311928937931423
1979,510,190,1000,24.143,16.676,23.158,7.467,261569,53,0,7711,17982,1124,0.0014230196,0.244,-6,-0.3152153367005166,5.5611166722277836e-5,0.022918946990735323
1977,520,187,8000,22.987,15.412,22.16,7.575,31771,53,0,1594,5924,311,6.7573274e-4,0.079,-7,-0.5604635783314349,0.0013504388926401081,0.0075520553724088245
1941,530,139,5000,22.54,16.55,0,5.993,NA,NA,0,2,15513,177,0.0028082759,0.014,NA,-0.2752301045926402,3.2231032037645846e-4,NA
1935,530,127,16000,22.249,16.398,0,5.854,NA,100,0,1,13286,128,0.0042804251,0.018,-5,-0.2369996254186421,0.0012042751768779167,NA
1977,530,187,1800,24.03,17.315,0,6.716,135265,225,0,10297,36053,1577,0.0034103093,0.073,-7,-0.5604635783314349,4.992649710148947e-5,135265000
1998,530,219,70000,24.547,17.906,0,6.642,387000,200,0,26575,59649,3235,0.0039276048,0.274,1,0.37819433724838375,0.0011735318278596456,387000000
1951,530,151,120,23.035,16.784,0,6.253,NA,20,0,4,19974,366,0.0023074765,0.018,-9,-0.9103023217403907,6.007810153199159e-6,NA
1998,531,219,50000,22.123,15.063,19.294,7.06,297000,100,0,555,3577,449,9.8451425e-4,0.131,-6,-0.2574338593851812,0.01397819401733296,1.2401628439579027
1975,540,186,1000,24.058,15.685,23.767,8.374,146004,30,5,4239,6123,695,7.2640728e-4,0.073,-7,-0.5592925136310292,1.6331863465621427e-4,0.006958054125170312
1975,560,186,100,26.19,17.031,26.067,9.159,1247438,50,6570,100198,25669,6771,0.0068328204,0.169,4,0.19844388837135973,3.895749737036893e-6,0.005960253203229758
1940,560,139,8700,24.367,16.113,24.032,8.255,28826,NA,363,21388,10353,1402,0.0053545451,0.246,4,0.28539235392055595,8.403361344537816e-4,0.001053948507548367
1939,560,139,8700,24.311,16.094,23.961,8.218,8322,5,368,19640,10170,1344,0.0043412112,0.246,4,0.28539235392055595,8.554572271386431e-4,3.266612582524175e-4
1941,560,139,8700,24.42,16.133,24.098,8.288,112840,120,339,22385,10536,1470,0.0056574885,0.246,4,0.28539235392055595,8.257403189066059e-4,0.0038621990490327013
1958,600,158,1000,23.736,16.224,22.825,7.513,47143,27,0,544,10987,1707,0.0016876984,0.076,-5,-0.22659930559475397,9.101665604805679e-5,0.005762960812860096
1859,600,31,6000,21.887,14.984,0,6.904,NA,10,0,0,1943,100,0.0027042911,0.011,-6,-0.2388799973546086,0.003088008234688626,NA
1909,600,94,8000,22.566,15.323,21.037,7.244,NA,6,0,0,4272,142,0.0012261337,0.032,-6,-0.16064813698653813,0.0018726591760299626,NA
1957,600,158,1000,23.708,16.201,22.787,7.507,47143,24,0,466,10688,1582,0.0016381051,0.076,-5,-0.22659930559475397,9.356287425149701e-5,0.005986167390172639
1991,600,211,0,25.507,17.003,25.256,8.505,983000,195,7,13004,25020,8321,0.0035122372,0.186,-8,-0.5010357623175508,0,0.01056846912259578
1986,620,207,7000,23.913,15.062,23.742,8.851,1410000,91,0,19846,3517,2736,0.0016166515,0.072,-7,-0.5464186127610002,0.00199033266988911,0.06889687492527552
1979,620,190,500,24.242,14.797,24.152,9.446,3000000,51,0,13149,2632,1767,0.001835169,0.073,-7,-0.5350914510503526,1.8996960486322188e-4,0.09728388995270171
1856,630,25,1500,23.017,15.647,21.845,7.37,NA,18,0,0,6300,134,0.0057948707,NA,-10,-1.5809183726216487,2.380952380952381e-4,NA
1980,630,199,750000,26.184,17.449,25.99,8.735,3386907,305,565,64862,39291,13588,0.0078178812,0.173,-2,-0.2451593060913393,0.019088340841414066,0.01747791757839426
1917,640,106,325000,24.149,16.46,23.452,7.689,NA,NA,0,368,18805,1031,0.0063589313,0.075,-1,0.01770218834168832,0.01728263759638394,NA
1914,640,106,325000,24.256,16.518,23.608,7.739,NA,249,0,660,18520,997,0.012148417,0.081,-1,0.01770218834168832,0.017548596112311014,NA
1919,640,116,35000,24.077,16.423,23.346,7.655,33528,129,0,561,18997,694,0.0058084195,0.105,NA,-0.6475269117657557,0.001842396167815971,0.0024342695877399116
1916,640,106,325000,24.169,16.475,23.479,7.694,NA,NA,0,243,18709,1020,0.0063151917,0.075,-1,0.01770218834168832,0.017371318616708535,NA
1911,640,97,14000,24.245,16.538,23.567,7.707,11123,336,0,722,25569,963,0.018026816,0.151,-1,0.06213235726401286,5.475380343384567e-4,6.474464921406768e-4
1915,640,106,325000,24.208,16.494,23.536,7.714,45568,790,0,496,18614,1008,0.0090397876,0.078,-1,0.01770218834168832,0.017459976361878154,0.0027359303778271287
1912,640,100,30000,24.256,16.51,23.614,7.747,11817,241,0,746,25700,974,0.015811235,0.134,-1,0.011782799557804395,0.0011673151750972762,6.562621241204769e-4
1999,640,221,0,27.374,17.944,27.282,9.43,9717000,789,14313,111693,65546,23992,0.016377809,0.589,7,0.9676151247116057,0,0.013775588063815219
1897,640,76,1400,24.025,16.883,22.006,7.142,5986,436,10,172,27627,826,0.024257567,0.008,-10,-1.5809166583852599,5.0675064248742176e-5,0.0016597869427279351
1919,640,115,20000,24.077,16.423,23.346,7.655,33528,129,0,561,18997,694,0.0058084195,0.105,NA,-0.6475269117657557,0.0010527978101805549,0.0024342695877399116
1974,640,184,1000,26.438,17.44,26.293,8.999,1136713,574,1458,27243,39037,8799,0.0085077779,0.601,9,1.149484912398844,2.5616722596511e-5,0.004332574249205114
1913,640,103,20000,24.272,16.493,23.66,7.78,25134,241,0,841,21331,986,0.017577745,0.097,-1,0.005469776834182881,9.376025502789367e-4,0.0013330737261935085
1828,640,4,80000,23.341,16.829,0,6.514,NA,129,0,3,29137,900,0.056852959,0.024,-10,-1.5809166583852599,0.0027456498610014756,NA
1853,640,22,45000,23.603,16.944,0,6.66,NA,160,0,14,36933,1172,0.047125444,0.02,-10,-1.5809166583852599,0.0012184225489399723,NA
1877,640,61,165000,23.781,16.813,0,6.97,NA,461,10,86,34323,863,0.033597387,0.035,-10,-1.1779415028350544,0.004807272091600385,NA
1950,640,151,717,24.986,16.811,24.617,8.175,197876,684,91,2900,20770,1648,0.010197137,0.284,7,0.8200050769662061,3.452094366875301e-5,0.0040305643719875045
1991,645,211,40000,24.678,16.694,24.211,7.984,12900000,475,0,25158,18514,13650,0.0083682146,0.081,-9,-0.7763179041070458,0.0021605271686291456,0.3943537808298899
2003,645,227,7000,25.373,17.044,25.065,8.329,NA,389,0,45840,25960,11673,0.0066379537,0.125,NA,-0.5020017368968427,2.6964560862865946e-4,NA
1980,645,199,500000,25.452,16.374,25.318,9.078,3386780,430,260,16665,13238,8555,0.0059015644,0.048,-9,-0.7347363918885884,0.037770055899682735,0.034223095850747474
1948,645,148,500,23.34,15.376,22.861,7.964,17574,31,0,210,4935,625,0.001297044,0.144,-4,-0.13957650514555242,1.0131712259371833e-4,0.0020723565174869643
1973,645,181,278,24.724,16.139,24.495,8.585,658068,105,0,8342,10413,4860,0.0027431571,0.058,-7,-0.6004698088534371,2.669739748391434e-5,0.01514354103002649
1990,645,211,40000,25.189,16.659,24.945,8.53,8610000,1390,0,33592,18078,13294,0.01262417,0.081,-9,-0.7763179041070458,0.0022126341409447947,0.12633605179742013
1882,651,65,10000,23.024,15.707,21.725,7.318,104,15,0,0,5669,577,0.0040787435,0.074,NA,NA,0.0017639795378373612,3.819317123259474e-5
1956,651,155,3000,23.904,16.977,0,6.928,238369,93,6,3845,23532,5314,0.0052114734,0.077,-7,-0.5305017087227624,1.2748597654258032e-4,238369000
1991,651,211,14,26.119,17.828,25.799,8.292,1650000,434,2541,58023,54531,17654,0.0085041784,0.214,-6,-0.2028386353044117,2.567347013625277e-7,0.010306723031815634
1948,651,148,2000,23.781,16.764,19.786,7.018,35576,64,0,2989,19529,3807,0.0053934129,0.168,1,0.04705883063495552,1.0241179783911107e-4,0.09082522815700435
1967,651,169,10000,24.506,17.242,23.05,7.265,570377,220,203,10151,30892,9287,0.0064842179,0.196,-7,-0.41768503918243916,3.2370840347015407e-4,0.05567679106624695
1969,651,172,5000,24.657,17.284,23.492,7.373,975161,230,304,7009,32316,10034,0.0066522183,0.188,-7,-0.41768503918243916,1.5472211907414284e-4,0.06118294183727226
1973,651,181,7700,24.839,17.368,23.862,7.472,3194479,390,294,12291,35366,11122,0.008649677,0.195,-7,-0.4057491091254408,2.1772323700729515e-4,0.13844112197786843
1991,652,211,0,24.291,16.302,23.827,7.99,4500000,408,63,21979,12529,4231,0.0047789868,0.149,-9,-0.7792196608333797,0,0.20196582758213696
1948,652,148,1000,23.387,14.932,23.121,8.454,12372,8,0,7,3068,647,8.5500826e-4,0.323,5,0.5888665855192191,3.259452411994785e-4,0.0011249084918488236
1967,652,169,2500,23.759,15.513,23.421,8.247,95812,80,0,83,5680,1711,0.0013998736,0.103,-7,-0.5579128694696325,4.4014084507042255e-4,0.006453701066738705
1973,652,181,3500,24.25,15.71,24.01,8.541,388408,115,0,3369,6908,2161,0.0018107152,0.154,-9,-0.685277029243918,5.06658946149392e-4,0.014517026043441728
1982,652,205,1200,24.405,16.013,24.12,8.392,2548606,300,0,13768,9295,2824,0.0034186156,0.148,-9,-0.67955555398664,1.2910166756320603e-4,0.08533354693522728
1948,660,148,500,22.366,13.997,22.073,8.369,5059,3,0,11,1208,233,3.2113769e-4,0.339,2,0.5891040126173817,4.139072847682119e-4,0.0013118451691720306
1948,663,148,1000,21.359,13.537,20.781,7.822,6906,8,0,0,1159,0,2.1902134e-4,0.148,-10,-1.013169457551262,8.628127696289905e-4,0.006518579185873004
1967,663,169,6100,22.71,14.166,22.471,8.544,99972,60,0,19,2038,450,7.3561934e-4,0.127,-9,-0.7562663796048009,0.0029931305201177623,0.017411936621081897
1973,663,181,23,22.71,14.455,22.375,8.255,144515,70,0,1046,2537,916,8.7075465e-4,0.13,-9,-0.716532150687729,9.0658257784785175e-06,0.027706004131078245
1948,666,148,3000,22.619,13.857,22.431,8.762,44444,85,0,32,873,244,0.0014134854,0.287,10,0.973215438347216,0.003436426116838488,0.008056633639403336
1973,666,181,2838,24.719,14.934,24.655,9.784,3121718,130,120,11321,3278,1358,0.0032918791,0.721,9,1.2675639774845888,8.657718120805369e-4,0.06121575599171036
1956,666,155,189,23.32,14.381,23.165,8.939,52814,75,12,1507,1824,668,0.0011855757,0.621,10,1.5318761252495696,1.0361842105263157e-4,0.0045953372312436715
1967,666,169,1000,24.159,14.762,24.063,9.396,491616,75,84,7214,2715,809,0.0015568113,0.669,9,1.2909858316625646,3.6832412523020257e-4,0.0174260072681346
1969,666,172,368,24.35,14.806,24.268,9.544,680798,100,120,8365,2884,994,0.0018128309,0.671,9,1.3234032181502982,1.276005547850208e-4,0.019658925841584483
1982,666,205,455,25.046,15.137,24.991,9.91,8241308,205,120,14309,4027,1798,0.0037561865,0.756,6,1.2895192973771277,1.1298733548547305e-4,0.11548956564171288
1991,670,211,44,26.726,16.602,26.682,10.125,35500000,191,1850,247069,16545,6339,0.013304139,0.019,-10,-1.2515711586868827,2.659413720157147e-6,0.09170288246492804
1973,670,181,100,26.344,15.701,26.317,10.643,1304912,75,0,44652,6557,1954,0.0027639668,0.017,-10,-1.1546833587653005,1.5250876925423212e-5,0.004855716746720063
1934,670,125,100,22.556,14.943,21.776,7.613,NA,4,0,6,2246,101,5.335501e-4,0.009,-10,-1.6427702921290217,4.452359750667854e-5,NA
1934,678,125,2000,22.064,15.094,0,6.97,NA,18,0,0,2648,0,8.9342077e-4,NA,-10,-1.6427702921290217,7.552870090634441e-4,NA
1990,690,211,1000,24.452,14.469,24.4,9.983,13100000,7,0,49171,2141,285,0.0033858654,0.096,NA,-0.8179061047959657,4.6707146193367583e-4,0.33150183535805894
1991,694,211,0,23.308,13.073,23.268,10.235,934070,11,561,15689,503,264,6.3769706e-4,0.017,-10,-1.232580328559356,0,0.07331881192224331
1991,696,211,6,25.723,14.46,25.709,11.263,4900000,66,45,46765,1983,1318,0.0022548763,0.026,-8,-0.6266599932797083,3.0257186081694403e-6,0.033490315954155046
1991,698,211,0,24.154,14.43,24.086,9.724,1440000,29,0,8850,1864,0,6.4719666e-4,0.023,-9,-0.8093720630258374,0,0.04988220019071003
2001,700,225,4000,23.892,16.931,0,6.962,245000,NA,0,677,22080,4162,0.0012150784,0.083,NA,-0.7650877190521288,1.8115942028985507e-4,245000000
1900,710,82,2000,26.69,19.797,0,6.894,12241,1000,0,233,425577,NA,0.11997743,0.05,-6,-0.3750210080423957,4.699502087753803e-6,12241000
1950,710,151,422612,26.931,20.113,0,6.818,2558000,4000,606,29555,571889,37965,0.11849532,0.076,-8,-0.6708660484781787,7.389755704341227e-4,2558000000
1951,710,151,422612,26.979,20.118,0,6.862,3094000,3000,896,38184,577290,38145,0.10362443,0.076,-8,-0.6847617575656725,7.32061875313967e-4,3094000000
1884,710,67,10000,26.598,19.703,0,6.896,NA,1000,20,126,375495,NA,0.16212232,0.044,-6,-0.33176035324622644,2.6631513069415037e-5,NA
1941,710,139,1350000,26.962,20.039,0,6.925,244000,2584,63,56669,530248,21403,0.098656833,0.088,NA,-0.34491086816769,0.002545978485538842,244000000
1900,710,83,3758,26.69,19.797,0,6.894,12241,1000,0,233,425577,NA,0.11997743,0.05,-6,-0.3750210080423957,8.830364422889396e-6,12241000
1929,710,118,3000,26.909,19.96,0,6.95,111605,1700,20,25620,478830,15444,0.12663022,0.099,-5,-0.21779184708642704,6.265271599523839e-6,111605000
1954,710,153,1003,27.16,20.16,20.103,7,2538205,3078,2225,59826,600149,38685,0.094357274,0.074,-8,-0.6411372438413909,1.6712516391762712e-6,4.719594926407705
1958,710,159,300,27.399,20.231,25.539,7.169,5894070,3182,8000,195916,636335,48113,0.10841818,0.07,-8,-0.6411372438413909,4.7144978666897155e-7,0.047749465667661445
1894,710,73,10000,26.65,19.772,0,6.879,NA,1000,20,255,421000,NA,0.15408824,0.043,-6,-0.33176035324622644,2.375296912114014e-5,NA
1931,710,121,50000,26.916,19.97,0,6.947,73381,1700,15,27542,487039,15915,0.12543754,0.092,-5,-0.21779184708642704,1.0266118319066851e-4,73381000
1937,710,130,750000,26.969,20.012,0,6.957,407941,2000,40,34815,512523,18408,0.11724088,0.094,NA,-0.3449431297484485,0.0014633489619002465,407941000
1962,710,160,500,27.153,20.268,0,6.886,9329700,2300,6670,165194,682357,83663,0.103609,0.069,-8,-0.6175329321069225,7.327542620651653e-7,9329700000
1979,710,193,13000,28.104,20.642,27.112,7.463,30000000,4600,34480,841890,985467,129400,0.11984918,0.096,-7,-0.5350914510503526,1.3191715196957382e-5,0.05041145835699638
1987,710,208,1800,28.704,20.767,28.208,7.938,5640000,3530,56280,1224456,1104193,163229,0.11158272,0.101,-7,-0.471257226751914,1.6301498017103894e-6,0.0031673813737252247
1939,712,136,3000,19.947,13.485,0,6.464,NA,2,0,40,742,0,1.3577301e-4,0.099,-9,-0.7553007908681488,0.004043126684636119,NA
1945,712,139,3000,20.097,13.517,0,6.582,NA,80,0,29,754,0,4.0612509e-4,0.079,-9,-0.7553007908681488,0.003978779840848806,NA
1954,713,153,1367,23.599,15.933,22.879,7.667,67029,600,25,2380,8750,1932,0.006480237,0.083,-8,-0.6265134771889946,1.5622857142857144e-4,0.007763173435806036
1958,713,159,1500,23.882,16.074,23.293,7.809,254237,630,107,3597,10071,2499,0.0075943135,0.082,-8,-0.6265134771889946,1.4894250819183795e-4,0.019463340849368134
1950,731,151,316579,23.237,15.993,21.714,7.245,NA,120,38,170,9488,473,0.0026701791,0.107,-7,-0.46388170303237275,0.0333662521079258,NA
1951,731,151,316579,23.235,15.987,21.726,7.249,NA,100,0,230,9086,480,0.0022304102,0.103,-7,-0.46388170303237275,0.03484250495267444,NA
1950,732,151,113248,24.06,16.788,22.63,7.273,32000,109,4,631,20357,3127,0.0047363089,0.276,-3,0.16347993954429893,0.005563098688411848,0.004754073073383478
1965,732,163,4687,24.693,17.111,23.876,7.583,111990,604,185,16896,28705,6904,0.0090671098,0.313,3,0.4011443395364399,1.6328165824769204e-4,0.0047859063343729845
1941,740,139,1740000,26.589,18.06,26.346,8.529,2929917,3075,6844,66842,72218,21290,0.066631123,0.157,1,0.1502954315271247,0.02409371624802681,0.01059090073154865
1944,740,139,1740000,26.411,18.1,26.097,8.311,17227328,4325,5914,61792,74433,21842,0.067079283,0.147,1,0.1502954315271247,0.02337672806416509,0.07987940629755456
1914,740,106,300,25.6,17.732,25.057,7.868,108347,300,283,24190,52039,6678,0.031595059,0.203,1,0.08327127096031454,5.764907088914084e-6,0.001421346805223802
1943,740,139,1740000,26.515,18.089,26.241,8.427,6989871,3075,7820,66476,73903,21656,0.060228042,0.147,1,0.1502954315271247,0.023544375735761743,0.028063876543327967
1915,740,106,300,25.64,17.747,25.115,7.894,107515,650,343,22168,52752,6838,0.026755644,0.189,1,0.10557526004254605,5.686988171064604e-6,0.0013309543078881057
1904,740,85,80378,25.306,17.609,24.617,7.697,67273,218,60,12003,46135,4648,0.054540616,0.171,1,0.08417768833152087,0.0017422347458545572,0.0013702932998277476
1938,740,133,526,26.455,18.04,26.177,8.415,1699210,370,6472,56939,71013,19943,0.059080541,0.178,1,0.16287644634417678,7.4070944756593865e-6,0.007273114128278485
1939,740,136,20000,26.527,18.048,26.268,8.479,1699970,957,6696,60216,71380,20540,0.059057426,0.176,1,0.16287644634417678,2.801905295601009e-4,0.006643452078793378
1894,740,73,5000,25.085,17.499,24.273,7.586,13167,83,24,4599,41142,2538,0.028258443,0.157,1,0.1231709031461198,1.2153030965922901e-4,3.783178878329026e-4
1900,740,82,622,25.227,17.561,24.508,7.667,13311,182,1,8010,43847,3856,0.028886409,0.162,1,0.08417768833152087,1.418569115332862e-5,3.023580396762953e-4
1931,740,121,10000,26.123,17.955,25.751,8.168,222176,292,1883,37235,65457,11481,0.041142285,0.212,1,0.207949280925274,1.527720488259468e-4,0.0014560622420438296
1937,740,130,250000,26.4,18.032,26.107,8.369,942416,393,5801,53902,70630,19062,0.053411301,0.19,1,0.16287644634417678,0.003539572419651706,0.004326299802609564
1945,740,139,1740000,26.213,18.11,25.811,8.103,4002481,6095,2082,34266,72147,22004,0.052876092,0.186,NA,-0.2978211268425087,0.024117426920038255,0.024703267807278963
1962,750,160,1353,27.034,19.9,24.962,7.134,909968,800,5149,53233,452212,38268,0.049118221,0.652,9,1.0597459777539935,2.9919595234093745e-6,0.013127053731317622
1947,750,147,2500,26.724,19.678,23.671,7.048,218680,311,1277,33752,344367,19740,0.052838139,0.229,NA,0.41671809180856245,7.259696776985019e-6,0.0114716102696943
1965,750,166,3261,27.144,19.965,25.344,7.18,1804170,1220,6470,63354,482530,38734,0.05203357,0.67,9,1.0781551558086901,6.758129028246949e-6,0.017763073289305972
1971,750,178,3241,27.387,20.101,26.001,7.287,1924810,1560,6376,153174,551226,46779,0.052602854,0.619,9,1.1427855887983518,5.879621062867136e-6,0.009824196541828681
1999,750,223,474,28.579,20.699,28.045,7.881,13895000,1300,24296,676099,998056,161743,0.068218797,0.756,9,1.2020088257929211,4.749232507995543e-7,0.0091848021614183515
1947,770,147,1000,24.466,17.874,0,6.593,0,275,0,6,70050,3054,0.011441837,0.177,-4,0.07642487496127948,1.4275517487508922e-5,0
1965,770,166,3800,25.292,18.119,23.461,7.174,428512,277,13,8685,113061,8217,0.011127846,0.137,1,0.1993620886258755,3.3610175038253685e-5,0.02773193339278901
1971,770,178,7982,25.532,18.008,24.638,7.525,727215,404,100,NA,62425,9219,0.0098727429,0.178,0,0.1205041548737886,1.2786543852623148e-4,0.014504921514908868
1999,770,223,698,26.843,18.72,26.451,8.124,3523000,590,900,58868,152331,32208,0.013293297,0.312,-6,-0.19347985947390545,4.582127078532932e-6,0.011465402416842423
1940,800,145,700,23.811,16.515,22.454,7.297,10514,NA,0,4,15513,1372,0.0033142988,0.166,-3,-0.009133362243479432,4.512344485270418e-5,0.0018626003319865876
1951,800,151,114,23.971,16.79,22.179,7.182,21557,44,0,18,20224,1822,0.0030810072,0.138,-3,-0.07938529477139258,5.636867088607595e-6,0.005027719123702322
1967,800,163,351,24.907,17.285,24.14,7.623,124106,151,3,3220,32996,2163,0.0034729925,0.112,-7,-0.5400671397708939,1.0637653048854407e-5,0.004073089800165517
1970,800,170,-9,25.239,17.374,24.693,7.865,239019,175,40,14546,36370,2313,0.0038904313,0.154,2,0.23772845047675478,-2.474566950783613e-7,0.004512308493415248
1970,811,163,2500,23.067,15.731,21.818,7.337,119481,85,0,1901,6938,405,0.0011093687,0.153,-7,-0.4776245063272401,3.603343903142116e-4,0.03998175399260434
1970,811,176,5000,23.067,15.731,21.818,7.337,119481,85,0,1901,6938,405,0.0011093687,0.153,-7,-0.4776245063272401,7.206687806284232e-4,0.03998175399260434
1977,811,189,5000,22.984,15.752,21.415,7.233,NA,70,0,1336,6824,395,9.8568795e-4,0.132,-7,-0.47061202661412743,7.327080890973036e-4,NA
1968,812,170,11250,21.926,14.787,19.889,7.139,40000,62,0,4,2825,143,6.2987162e-4,0.254,0,0.032453724889221755,0.003982300884955752,0.09212490239829851
1965,816,163,700000,24.554,17.058,23.616,7.496,375170,256,100,2808,19000,1461,0.0039885025,0.231,-8,-0.57582788777847,0.03684210526315789,0.020793596807622362
1968,816,170,2250,24.499,17.14,23.304,7.359,500000,447,250,NA,20280,1620,0.0059305611,0.225,-8,-0.5873718427079919,1.1094674556213017e-4,0.03785919698229621
1970,816,176,400,24.381,17.193,22.626,7.189,580000,452,350,7870,21150,1719,0.0050852424,0.225,-7,-0.4351417904307828,1.8912529550827425e-5,0.08651293501353194
1979,816,193,8000,24.878,17.736,22.866,7.143,NA,650,119,11229,52462,6348,0.0089161713,0.153,-7,-0.48952863546888276,1.524913270557737e-4,NA
1987,816,208,2200,25.2,17.921,23.791,7.279,NA,1260,74,15079,62452,7583,0.012971197,0.173,-7,-0.4783911773895291,3.522705437776212e-5,NA
1967,816,163,700000,24.501,17.116,23.364,7.386,450000,418,200,2553,19850,1564,0.0048879185,0.231,-8,-0.5873718427079919,0.03526448362720403,0.03208900408911568
1970,816,170,2250,24.381,17.193,22.626,7.189,580000,452,350,7870,21150,1719,0.0050852424,0.225,-7,-0.4351417904307828,1.0638297872340425e-4,0.08651293501353194
1970,816,163,700000,24.381,17.193,22.626,7.189,580000,452,350,7870,21150,1719,0.0050852424,0.225,-7,-0.4351417904307828,0.03309692671394799,0.08651293501353194
1977,816,189,3000,24.78,17.669,22.535,7.111,NA,615,152,10903,50413,5945,0.0088075055,0.153,-7,-0.48952863546888276,5.9508460119413646e-5,NA
1966,816,163,700000,24.543,17.088,23.539,7.455,300000,256,150,3003,19420,1511,0.0037037665,0.231,-8,-0.5873718427079919,0.03604531410916581,0.01795822651473329
1965,817,163,254257,15.466,16.557,0,0.29,493900,565,0,89,16120,2126,0.0065254429,0.155,NA,-0.27514894286049324,0.015772766749379653,493900000
1970,817,176,1000,15.473,16.678,0,0.262,1118643,1000,0,139,18330,3111,0.0090787746,0.327,NA,0.09281438309605428,5.455537370430988e-5,1118643000
1950,840,151,92,24.283,16.789,23.342,7.494,38508,29,0,110,20275,1991,0.0032432673,0.347,5,0.7555606903859149,4.537607891491985e-6,0.002807043653350497
1966,840,163,1000,25.183,17.263,24.676,7.921,83116,45,0,7321,32862,3916,0.0033800192,0.412,5,0.7631197589226646,3.0430284218854603e-5,0.0015960040863340927
1940,900,139,33826,25.135,15.744,25.039,9.391,179418,82,1326,16750,7039,3374,0.0074878251,0.764,10,1.7290226411915073,0.0048055121466117345,0.002396439552329595
1939,900,139,33826,25.101,15.74,25.002,9.361,67076,8,1202,18040,6968,3336,0.0067230915,0.777,10,1.6872533460980592,0.004854477611940298,9.296864890949577e-4
1941,900,139,33826,25.216,15.752,25.127,9.464,550072,400,1700,18668,7110,3414,0.011121295,0.715,10,1.7126839075464035,0.004757524613220816,0.006728249566503073
2003,900,227,0,27.44,16.767,27.415,10.674,12212000,54,7544,182459,19953,13307,0.0075095664,0.877,10,2.1758482031888007,0,0.015156662295975266
2001,900,225,0,27.358,16.749,27.331,10.61,6752000,51,7033,182803,19413,14414,0.0068932804,0.892,10,2.1181551514721075,0,0.009114439126566561
1950,900,151,291,25.445,15.904,25.363,9.54,169340,38,1275,17156,8179,4343,0.0068384274,0.782,10,1.865580252072638,3.557892162856095e-5,0.0016358693329577146
1965,900,163,494,26.085,16.231,26.025,9.854,698889,53,5213,48968,11388,6910,0.0072815907,0.844,10,1.7128724279580967,4.337899543378995e-5,0.0034825255672693263
1940,920,139,12200,23.633,14.26,23.536,9.373,9836,1,0,2085,1634,353,6.5426779e-4,0.788,10,1.8460598006796833,0.007466340269277846,5.905594100313298e-4
1939,920,139,12200,23.614,14.258,23.514,9.356,7080,1,0,1921,1642,352,6.5370608e-4,0.811,10,1.8849179708541826,0.0074299634591961025,4.345430519272676e-4
1941,920,139,12200,23.653,14.263,23.557,9.39,120750,100,0,2177,1631,354,0.0016385297,0.788,10,1.8460598006796833,0.007480073574494176,0.00709924279294647
